Cohort Yr,predicted customer count,predicted avg. number of purchases
2015,73.17189344993243,2.019541618743147
2016,21.909850687412664,1.3172003041808498
2017,11.665176351829446,1.5381481747676433
2018,7.3350823116985415,1.2796428235748492
2019,7.271154480076928,1.6599666230155563
2020,10.70760413734117,1.5205434976243657
