,Cohort Yr,P2021,Percent of Next Year Sales
0,2015,4011114.206253537,58.865045702708464
1,2016,1071884.0781846421,15.730418533576962
2,2017,599263.1002748742,8.794476539867812
3,2018,382346.24554484675,5.611116527962996
4,2019,192326.75049757713,2.8224883101664746
5,2020,557150.5458259713,8.176454385717316
